{
  "champ:Strike": {
    "NAME": "Удар",
    "DESCRIPTION": "Наносит !D! урона."
  },
  "champ:Defend": {
    "NAME": "Оборона",
    "DESCRIPTION": "Даёт !B! Защиты."
  },
  "champ:Taunt": {
    "NAME": "Дразнить",
    "DESCRIPTION": "Накладывает !M! Слабости на ВСЕХ врагов. NL Перейти в случ. Стойку.",
    "UPGRADE_DESCRIPTION": "Накладывает !M! Слабости на ВСЕХ врагов. NL Перейти в стойку на выбор."
  },
  "champ:Execute": {
    "NAME": "Казнить",
    "DESCRIPTION": "Наносит !D! урона !cool! раза.",
    "UPGRADE_DESCRIPTION": "Наносит !D! урона !cool! раза."
  },
  "champ:StanceDance": {
    "NAME": "Танцы со стойками",
    "DESCRIPTION": "Перейти в стойку на выбор. NL Добавляет champ:Комбо выбранной стойки в руку, если вы уже были в данной стойке.",
    "UPGRADE_DESCRIPTION": "Перейти в стойку на выбор. NL Добавляет champ:Комбо выбранной стойки в руку.",
    "EXTENDED_DESCRIPTION": [
      "Перейти в champ:Берсерка.",
      "Перейти в Стойку champ:Обороны."
    ]
  },
  "champ:GladiatorsShout": {
    "NAME": "Вопль гладиатора",
    "DESCRIPTION": "Перейти в champ:Гладиатора. NL Вы берёте 1 карту.",
    "UPGRADE_DESCRIPTION": "Перейти в champ:Гладиатора. NL Вы берёте 2 карты."
  },
  "champ:SwordSigil": {
    "NAME": "Символ победы",
    "DESCRIPTION": "Repeat this effect !M! раза. NL Сжигается."
  },
  "champ:FocusedGladiator": {
    "NAME": "Фокус гладиатора",
    "DESCRIPTION": "Перейти в champ:Гладиатора. NL Вы берёте 1 доп. карту с champ:Техник пока не выйдете из Стойки champ:Гладиатора."
  },
  "champ:FaceSlap": {
    "NAME": "Пощёчина",
    "DESCRIPTION": "Наносит !D! урона, наносит в 2р больше если у врага есть Уязвимость. NL champ:Комбо champ:Берсерка - накладывает !M! Уязвимости."
  },
  "champ:FlashCut": {
    "NAME": "Внезапный удар",
    "DESCRIPTION": "Наносит !D! урона. NL champ:Комбо champ:Обороны даёт !M! champ:Контратаки и !B! Защиты. NL Перейти в стойку champ:Обороны."
  },
  "champ:Balance": {
    "NAME": "Баланс",
    "DESCRIPTION": "Перейти в стойку champ:Обороны или champ:Гладиатора. NL Добавляет случ. champ:Комбо выбранной стойки в руку.",
    "UPGRADE_DESCRIPTION": "Перейти в стойку champ:Обороны или champ:Гладиатора. NL Добавляет случ. Улучшенное champ:Комбо выбранной стойки в руку.",
    "EXTENDED_DESCRIPTION": [
      "Перейти в стойку champ:Обороны. NL Добавляет случ. *Оборонительное champ:Комбо в руку.",
      "Перейти в стойку champ:Гладиатора. NL Добавляет случ. champ:Комбо *Гладиатора в руку.",
      "Перейти в стойку champ:Обороны. NL Добавляет случ. Улучшенное *Оборонительное champ:Комбо в руку..",
      "Перейти в стойку champ:Гладиатора. NL Добавляет случ. Улучшенное champ:Комбо *Гладиатора в руку."
    ]
  },
  "champ:DefensiveShout": {
    "NAME": "Вопль из обороны",
    "DESCRIPTION": "Перейти в champ:Оборонительную Стойку. NL Даёт !M! champ:Контратаки.",
    "UPGRADE_DESCRIPTION": "Перейти в champ:Оборонительную Стойку. NL Даёт !M! champ:Контратаки. NL Вы берёте карту."
  },
  "champ:ShieldSigil": {
    "NAME": "Хлестнуть цепью",
    "DESCRIPTION": "Repeat this effect !M! times."
  },
  "champ:FocusedDefense": {
    "NAME": "Фокус на обороне",
    "DESCRIPTION": "Перейти в стойку champ:Обороны. NL The next time you use champ:Finisher this turn, даёт !B! Защиты."
  },
  "champ:FocusedBerserking": {
    "NAME": "Фокус на берсерке",
    "DESCRIPTION": "Перейти в Стойку champ:Берсерка. NL The next time you use champ:Finisher this turn, наносит !D! урона ВСЕМ врагам."
  },
  "champ:SetATrap": {
    "NAME": "Поставить ловушку",
    "DESCRIPTION": "Даёт !B! Защиты, даёт в 2р больше если у врага есть Слабость. NL champ:Комбо champ:Обороны- накладывает !M! Слабости на ВСЕХ врагов."
  },
  "champ:Backstep": {
    "NAME": "Шаг назад",
    "DESCRIPTION": "Перейти в Стойку champ:Обороны. NL Даёт !B! Защиты. NL champ:Комбо champ:Берсерка - даёт Защиту равную champ:Бодрости.",
    "EXTENDED_DESCRIPTION": [
      " NL (Даёт !B! Защиты.)"
    ]
  },
  "champ:Aggression": {
    "NAME": "Агрессия",
    "DESCRIPTION": "Перейти в Стойку champ:Берсерка или champ:Гладиатора. NL Добавляет случ. champ:Комбо выбранной стойки в руку.",
    "UPGRADE_DESCRIPTION": "Перейти в Стойку champ:Берсерка или champ:Гладиатора. NL Добавляет случ. Улучшенное champ:Комбо выбранной стойки в руку.",
    "EXTENDED_DESCRIPTION": [
      "Перейти в Стойку champ:Берсерка. NL Добавляет случ. champ:Комбо *Берсерка в руку.",
      "Перейти в Стойку champ:Гладиатора. NL Добавляет случ. champ:Комбо *Гладиатора в руку.",
      "Перейти в Стойку champ:Берсерка. NL Добавляет случ. Улучшенное champ:Комбо *Берсерка в руку.",
      "Перейти в Стойку champ:Гладиатора. NL Добавляет случ. Улучшенное champ:Комбо *Гладиатора в руку."
    ]
  },
  "champ:BerserkersShout": {
    "NAME": "Вопль берсерка",
    "DESCRIPTION": "Перейти в Стойку champ:Берсерка. NL Даёт !M! champ:Бодрости.",
    "UPGRADE_DESCRIPTION": "Перейти в Стойку champ:Берсерка. NL Даёт !M! champ:Бодрости. NL Вы берёте карту."
  },
  "champ:RageSigil": {
    "NAME": "План боя",
    "DESCRIPTION": "Вы берёте карту.",
    "UPGRADE_DESCRIPTION": "Вы берёте карту. NL Даёт !B! Защиты."
  },
  "champ:GutPunch": {
    "NAME": "Попасть в живот",
    "DESCRIPTION": "Перейти в Стойку champ:Берсерка. NL Наносит !D! урона. NL champ:Комбо champ:Обороны - даёт [E] и !B! Защиты."
  },
  "champ:FanOfKnives": {
    "NAME": "Веер ножей",
    "DESCRIPTION": "Наносит !D! урона ВСЕМ врагам. NL champ:Комбо *Берсерка - наносит урон два раза. NL Перейти в Стойку champ:Берсерка.",
    "UPGRADE_DESCRIPTION": "Наносит !D! урона ВСЕМ врагам. NL champ:Комбо *Берсерка - Наносит урон три раза. NL Перейти в Стойку champ:Берсерка."
  },
  "champ:Devastate": {
    "NAME": "Опустошить", // Хмям, Дэваяние?
    "DESCRIPTION": "Наносит !D! урона. NL Стоит на 1 [E] за каждый разыгранный champ:Финишер в бою."
  },
  "champ:Control": {
    "NAME": "Контроль",
    "DESCRIPTION": "Перейти в стойку champ:Обороны или champ:Берсерка. NL Добавляет случ. champ:Комбо выбранной стойки в руку.",
    "UPGRADE_DESCRIPTION": "Перейти в стойку champ:Обороны или champ:Берсерка. NL Добавляет случ. Улучшенное champ:Комбо выбранной стойки в руку.",
    "EXTENDED_DESCRIPTION": [
      "Перейти в стойку champ:Обороны. NL Добавляет случ. *Оборонительное champ:Комбо в руку.",
      "Перейти в Стойку champ:Берсерка. NL Добавляет случ. champ:Комбо *Берсерка в руку.",
      "Перейти в стойку champ:Обороны. NL Добавляет случ. Улучшенное *Оборонительное champ:Комбо в руку.",
      "Перейти в Стойку champ:Берсерка. NL Добавляет случ. Улучшенное champ:Комбо *Берсерка в руку."
    ]
  },
  "champ:Circumvent": {
    "NAME": "Обхитрить",
    "DESCRIPTION": "Даёт !B! Защиты. NL champ:Комбо champ:Обороны - даёт Защиту равную champ:Counter.",
    "UPGRADE_DESCRIPTION": "Даёт !M! champ:Контратаки. NL Даёт !B! Защиты. NL champ:Комбо champ:Обороны - даёт Защиту равную champ:Контратаке."
  },
  "champ:SkillfulDodge": {
    "NAME": "Виртуозный уворот",
    "DESCRIPTION": "Даёт !B! Защиты. NL Даёт !M! champ:Контратаки. NL champ:Комбо champ:Обороны - Увеличевает свои эффекты на !cool! до конца боя."
  },
  "champ:TornadoPunch": {
    "NAME": "Торнадо кулаков",
    "DESCRIPTION": "Наносит !D! урона ВСЕМ врагам. NL champ:Комбо champ:Обороны - даёт !B! Защиты за каждого врага.",
    "UPGRADE_DESCRIPTION": "Наносит !D! урона ВСЕМ врагам. NL champ:Комбо champ:Обороны - даёт !B! Защиты за каждого врага."
  },
  "champ:EnGarde": {
    "NAME": "Ан гард",
    "DESCRIPTION": "Даёт !B! Защиты. NL Даёт !B! Защиты на след. ход, если вы потеряете Защиту."
  },
  "champ:ShieldSlam": {
    "NAME": "Момент правды",
    "DESCRIPTION": "Оставляется.",
    "UPGRADE_DESCRIPTION": "Оставляется. NL Вы берёте 1 карту."
  },
  "champ:EnchantShield": {
    "NAME": "Зачаровать щит",
    "DESCRIPTION": "champ:Изнуряет на 5. NL Выберите карту в руке и увеличьте её Защиту на !M! до конца боя. NL Сжигается.",
    "EXTENDED_DESCRIPTION": [
      "Так себе момент для такого хода."
    ]
  },
  "champ:BringItOn": {
    "NAME": "Позвать",
    "DESCRIPTION": "Даёт !B! Защиты. NL Даёт !M! champ:Контратаки.",
    "EXTENDED_DESCRIPTION": [
      "Я не в Стойке."
    ]
  },
  "champ:ShieldThrow": {
    "NAME": "Метание щита",
    "DESCRIPTION": "Даёт !B! Защиты. NL Наносит урон равный вашей Защите. NL Unless *Defensive champ:Combo: You can't даёт Защиты next turn.",
    "UPGRADE_DESCRIPTION": " NL (Наносит !D! урона.)"
  },
  "champ:FalseCounter": {
    "NAME": "Фальш контратака",
    "DESCRIPTION": "The next time champ:Counter activates, lose only half.",
    "UPGRADE_DESCRIPTION": "Даёт !M! champ:Контратаки. NL The next time champ:Counter activates, lose only half.",
    "EXTENDED_DESCRIPTION": [
      "Неподходящее время для такого хода."
    ]
  },
  "champ:IronFortress": {
    "NAME": "Техничная джига",
    "DESCRIPTION": "Когда вы переходите в Стойку:",
    "UPGRADE_DESCRIPTION": "Начальная. NL Когда вы переходите в Стойку:"
  },
  "champ:Lariat": {
    "NAME": "Лассо",
    "DESCRIPTION": "Выполняет эффекты ниже X раз. NL даёт !B! Защиты.",
    "UPGRADE_DESCRIPTION": "Выполняет эффекты ниже X раз, а затем даёт [E]. NL даёт !B! Защиты."
  },
  "champ:HoldFirm": {
    "NAME": "Твёрдо стоять",
    "DESCRIPTION": "Даёт !B! Защиты. NL Даёт !M! champ:Контратаки. NL Даёт 1 bronze:Неуловимости."
  },
  "champ:ShieldWall": {
    "NAME": "Железная крепость",
    "DESCRIPTION": "Даёт 2 Ловкости. NL Даёт !M! Защиты в конце каждого вашего хода."
  },
  "champ:Haymaker": {
    "NAME": "Кувалда", //Сваебойная машина тоже неплохо)
    "DESCRIPTION": "Наносит !D! урона. NL champ:Комбо *Берсерка - накладывает 2 Уязвимости. NL champ:Комбо *Обороны - накладывает 2 Слабости.",
    "UPGRADE_DESCRIPTION": "Наносит !D! урона. NL champ:Комбо ",
    "EXTENDED_DESCRIPTION": [
      "Берсерка - накладывает 2 Уязвимости. NL ",
      "Обороны - накладывет 2 Слабости."
    ]
  },
  "champ:ViciousMockery": {
    "NAME": "Vicious Mockery",
    "DESCRIPTION": "champ:Комбо *Берсерка - даёт !M! Временной Силы. NL *Оборонительное champ:Комбо - даёт !M! Временной Ловкости.",
    "EXTENDED_DESCRIPTION": [
      "Berserker champ:Combo: Gain !M! temporary Strength. NL ",
      "Defensive champ:Combo: Gain !M! temporary Dexterity."
    ]
  },
  "champ:PreciseThrust": {
    "NAME": "Precise Thrust",
    "DESCRIPTION": "Наносит !D! урона. NL champ:Комбо champ:Берсерка - наносит !D! урона. NL champ:Оборонительное champ:Комбо - даёт !B! Защиты.",
    "UPGRADE_DESCRIPTION": "Наносит !D! урона. NL ",
    "EXTENDED_DESCRIPTION": [
      "champ:Комбо champ:Берсерка - наносит !D! урона NL ",
      "champ:Оборонительное champ:Комбо - даёт !B! Защиты."
    ]
  },
  "champ:CrookedStrike": {
    "NAME": "Crooked Strike",
    "DESCRIPTION": "Наносит !D! урона. NL Не снимает champ:Бодрость."
  },
  "champ:RapidStrikes": {
    "NAME": "Стремительные удары",
    "DESCRIPTION": "Наносит !D! урона !M! раза. NL Уменьшает стоимость случ. *Удара в руке до 0 на этот ход."
  },
  "champ:EnchantSword": {
    "NAME": "Зачаровать меч",
    "DESCRIPTION": "champ:Fatigue 5. NL Выберите карту в руке и увеличьте её урон на !M! до конца боя. Сжигается.",
    "EXTENDED_DESCRIPTION": [
      "A poor time for that move."
    ]
  },
  "champ:BladeFlurry": {
    "NAME": "Flurry of Strikes",
    "DESCRIPTION": "Наносит !D! урона. NL Следующий *Удар разыгрывается дважды."
  },
  "champ:SwordThrow": {
    "NAME": "Метнуть меч",
    "DESCRIPTION": "Наносит !D! урона !M! раза. NL Unless *Berserker champ:Combo: You can't attack next turn."
  },
  "champ:MurderStrike": {
    "NAME": "Murder Strike",
    "DESCRIPTION": "Оставляется. NL Наносит !D! урона. NL Стоит 1 и наносит на !M! больше урона, когда вы используете champ:Technique. NL Сжигается."
  },
  "champ:HeavySlash": {
    "NAME": "Masterful Slash",
    "DESCRIPTION": "Наносит !D! урона. NL Добавляет случ. champ:Technique в руку. Она стоит 0.",
    "UPGRADE_DESCRIPTION": "Наносит !D! урона. NL Добавляет случ. Улучшенную champ:Technique в руку. Она стоит 0."
  },
  "champ:CheapShot": {
    "NAME": "Cheap Shot",
    "DESCRIPTION": "Наносит !D! урона. NL Наносит в 2р больше урона боссу, оглушает других врагов. NL Сжигается."
  },
  "champ:RisingSlash": {
    "NAME": "Rising Strike",
    "DESCRIPTION": "Наносит !D! урона. NL Разыгрывается дважды если последняя разыгранная карта - champ:Technique."
  },
  "champ:Shatter": {
    "NAME": "Shatter",
    "DESCRIPTION": "Наносит !D! урона. NL champ:Комбо champ:Берсерка - снимает Защиту врага перед нанесением урона.",
    "UPGRADE_DESCRIPTION": "Наносит !D! урона. NL champ:Комбо champ:Берсерка - снимает Защиту и Артефакт врага перед нанесением урона."
  },
  "champ:EnragedBash": {
    "NAME": "Enraged Bash",
    "DESCRIPTION": "Наносит !D! урона. NL *BBerserker champ:Combo: This card hits an additional time this combat.",
    "EXTENDED_DESCRIPTION": [
      "Deal !D! damage !M! times. NL *Berserker champ:Combo: This card hits an additional time this combat."
    ]
  },
  "champ:VampiricStrike": {
    "NAME": "Clobber",
    "DESCRIPTION": "Наносит !D! урона. *BBerserker champ:Combo: NL даёт [E] . NL *DDefensive champ:Combo: даёт Защиты equal to unblocked урона dealt."
  },
  "champ:AdrenalArmor": {
    "NAME": "Adrenal Armor",
    "DESCRIPTION": "Даёт !B! Защиты. NL *BBerserker champ:Combo: Play this twice.",
    "UPGRADE_DESCRIPTION": "Даёт !B! Защиты. NL *BBerserker champ:Combo: Play this twice."
  },
  "champ:HeartStrike": {
    "NAME": "Finish Him",//мк ты ли это
    "DESCRIPTION": "Can only be used against an enemy with less than !M!% HP. NL Наносит !D! урона.",
    "EXTENDED_DESCRIPTION": [
      "A poor time for that move.",
      "That foe isn't ready to be ended yet."
    ]
  },
  "champ:CrownThrow": {
    "NAME": "Crownarang",
    "DESCRIPTION": "Наносит !D! урона. NL If this doesn't cost 0, return it your hand next turn. It costs 0 until played."
  },
  "champ:Encircle": {
    "NAME": "Encircle",
    "DESCRIPTION": "Наносит !D! урона ВСЕМ врагам. NL For each enemy hit:"
  },
  "champ:LastStand": {
    "NAME": "Last Stand",
    "DESCRIPTION": "Can only be played if you're under 50% HP. NL Remove debuffs. NL Даёт 6 Силы.",
    "EXTENDED_DESCRIPTION": [
      "~You've~ ~done~ ~it~ ~now...~",
      "@DEFEAT??@ NL @IMPOSSIBLE!!@"
    ]
  },
  "champ:RecklessLeap": {
    "NAME": "Reckless Strike",
    "DESCRIPTION": "Наносит !D! урона. NL Perform !M! times:",
    "EXTENDED_DESCRIPTION": [
      "A poor time for that move."
    ]
  },
  "champ:IgnorePain": {
    "NAME": "Игнорировать боль",
    "DESCRIPTION": "champ:Fatigue 5. Your HP cannot be reduced until your next turn. NL Сжигается.",
    "UPGRADE_DESCRIPTION": "Оставляется. NL Champ:fatigue 5. Your HP cannot be reduced until your next turn. NL Сжигается."
  },
  "champ:DeathBlow": {
    "NAME": "Death Blow",
    "DESCRIPTION": "Наносит !D! урона ВСЕМ врагам. NL Даёт !M! champ:Бодрости. NL champ:Изнуряет на 10. NL Сжигается."
  },
  "champ:ArenaPreparation": {
    "NAME": "Arena Preparation",
    "DESCRIPTION": "Добавляет !M! случ. champ:Techniques в руку. NL Они Оставляются. NL Сжигается."
  },
  "champ:EndlessRage": {
    "NAME": "Endless Rage",
    "DESCRIPTION": "Whenever you перейти в stance:"
  },
  "champ:SteelEdge": {
    "NAME": "Steel Edge",
    "DESCRIPTION": "champ:Комбо champ:Берсерка - наносит !D! урона X раз. NL champ:Оборонительное champ:Комбо - даёт !B! Защиты X раз.",
    "EXTENDED_DESCRIPTION": [
      "champ:Комбо champ:Берсерка - наносит !D! урона X раз. NL ",
      "champ:Оборонительное champ:Комбо - даёт !B! Защиты X раз.",
      "champ:Гладиатора - вы берёте карту и получаете [E] .",
      "champ:Гладиатора - вы берёте 2 карты и получаете [E] .",
      "champ:Комбо NL "
    ]
  },
  "champ:Improvising": {
    "NAME": "Improvising",
    "DESCRIPTION": "The first time you use champ:Combo each turn, return it to your hand. NL It costs 0 until played."
  },
  "champ:CalledShot": {
    "NAME": "Refreshment",
    "DESCRIPTION": "champ:Комбо champ:Берсерка - даёт [E] [E]  и Сжигается. NL champ:Оборонительное champ:Комбо - вы берёте !M! карты.",
    "UPGRADE_DESCRIPTION": "champ:Комбо champ:Берсерка - даёт [E] [E] [E]  и Сжигается. NL champ:Оборонительное champ:Комбо - вы берёте !M! карты.",
    "EXTENDED_DESCRIPTION": [
      "champ:Комбо champ:Берсерка - даёт [E] [E]  и Сжигается. NL ",
      "champ:Комбо champ:Берсерка - даёт [E] [E] [E]  и Сжигается. NL ",
      "champ:Оборонительное champ:Комбо - вы берёте !M! карты.",
      "A poor time for that move."
    ]
  },
  "champ:PerfectedStrike": {
    "NAME": "Отточенный удар",
    "DESCRIPTION": "Наносит !D! урона. NL Наносит по !M! доп. урона за КАЖДУЮ карту в колоде, содержащую «Удар» в названии."
  },
  "champ:GladiatorForm": {
    "NAME": "Облик гладиатора",
    "DESCRIPTION": "Whenever you use champ:Technique *Bonus, draw card. NL Whenever you use champ:Finisher *Bonus, даёт [E] на след. ход."
  },
  "champ:Duel": {
    "NAME": "Дуэль",
    "DESCRIPTION": "Даёт !B! Защиты. NL Наносит !D! урона. NL Разыгрывается дважды, если есть только 1 враг.",
    "UPGRADE_DESCRIPTION": "Даёт !B! Защиты. NL Наносит !D! урона. NL Разыгрывается дважды, если есть только 1 враг."
  },
  "champ:DancingMaster": {
    "NAME": "Танцующий мастер",
    "DESCRIPTION": "The third time you перейти в Stance each turn, даёт [E] и draw 2 cards.",
    "UPGRADE_DESCRIPTION": "The third time you перейти в Stance each turn, даёт [E] [E] и draw 2 cards."
  },
  "champ:StrikeOfGenius": {
    "NAME": "Удар гения",
    "DESCRIPTION": "Добавляет случ. карту в руку содержащую «Удар» в названии в начале каждого вашего хода. NL Она стоит 0 до разыгрывания и Сжигается.",
    "UPGRADE_DESCRIPTION": "Добавляет случ. Улучшенную карту в руку содержащую «Удар» в названии в начале каждого вашего хода. NL Она стоит 0 до разыгрывания и Сжигается."
  },
  "champ:DefensiveStyle": {
    "NAME": "Защитный стиль",
    "DESCRIPTION": "Перейти в стойку champ:Обороны. NL champ:Изнуряет на 5. NL champ:defensive *Techniques grant !M! more champ:Counter.",
    "UPGRADE_DESCRIPTION": "Начальная. NL Перейти в стойку champ:Обороны. NL champ:Изнуряет на 5. NL champ:defensive *Techniques grant !M! more champ:Counter."
  },
  "champ:GladiatorStyle": {
    "NAME": "Good Clean Fight",
    "DESCRIPTION": "champ:Изнуряет на 10. NL Даёт !M! Силы и Ловкости."
  },
  "champ:BerserkerStyle": {
    "NAME": "Стиль берсерка",
    "DESCRIPTION": "Перейти в champ:Берсерка. NL champ:Изнуряет на 5. NL champ:berserker champ:Techniques grant !M! more Vigor.",
    "UPGRADE_DESCRIPTION": "Начальная. NL Перейти в champ:Берсерка. NL champ:Изнуряет на 5. NL champ:berserker champ:Techniques grant !M! more Vigor."
  },
  "champ:Riposte": {
    "NAME": "Riposte",
    "DESCRIPTION": "Наносит !D! урона. NL Сжигается."
  },
  "champ:Endure": {
    "NAME": "Endure",
    "DESCRIPTION": "Даёт !B! Защиты. NL На эту карту влияет Сила, вместо Ловкости.",
    "UPGRADE_DESCRIPTION": "Даёт !B! Защиты. NL На эта карту влияет Сила."
  },
  "champ:PreemptiveStrike": {
    "NAME": "Preemptive Strike",
    "DESCRIPTION": "Наносит урон ВСЕМ врагам равный champ:Контратаке. NL Lose half of your champ:Counter.",
    "EXTENDED_DESCRIPTION": [
      " NL (Наносит !D! урона)",
      "A poor time for that move."
    ]
  },
  "champ:Parry": {
    "NAME": "Парирование",
    "DESCRIPTION": "Даёт !M! champ:Контратаки. NL If your champ:Counter is used this turn, add *Riposte to your hand.",
    "UPGRADE_DESCRIPTION": "Наносит урона равный champ:Counter used. NL Сжигается."
  },
  "champ:EnchantCrown": {
    "NAME": "Зачаровать корону",
    "DESCRIPTION": "champ:Изнуряет на 5. NL Выберите карту в руке. Она будет стоить 0 до конца боя. NL Сжигается.",
    "EXTENDED_DESCRIPTION": [
      "A poor time for that move."
    ]
  },
  "champ:ModFinisherStrike": {
    "NAME": "Finishing Strike",
    "DESCRIPTION": "Оставляется. NL Наносит !D! урона."
  },
  "champ:UltimateStance": {
    "NAME": "Ultimate Stance",
    "DESCRIPTION": "Requires *Defensive or *Berserker. NL Перейти в champ:Ultimate Stance на 1 ход.",
    "UPGRADE_DESCRIPTION": "Requires *Defensive or *Berserker. NL Перейти в champ:Ultimate Stance на !M! хода.",
    "EXTENDED_DESCRIPTION": [
      "Я не в Стойке."
    ]
  },
  "champ:FancyFootwork": {
    "NAME": "Fancy Footwork",
    "DESCRIPTION": "Requires *Defensive or *Berserker. NL Перейти в the Stance you aren't in. NL Вы берёте !M! карту.",
    "UPGRADE_DESCRIPTION": "Requires *Defensive or *Berserker. NL Перейти в the Stance you aren't in. NL Вы берёте !M! карты.",
    "EXTENDED_DESCRIPTION": [
      "Я не в Стойке."
    ]
  },
  "champ:TripleStrike": {
    "NAME": "Тройной удар",
    "DESCRIPTION": "Наносит !D! урона. NL Добавляет 2 *Удара в руку. Они стоят 0 и получают champ:Technique. NL Сжигается.",
    "UPGRADE_DESCRIPTION": "Наносит !D! урона. NL Добавляет 2 Улучшенных *Удара в руку. Они стоят 0 и получают champ:Technique. NL Сжигается."
  },
  "champ:WindUp": {
    "NAME": "Wind Up",
    "DESCRIPTION": "Перейти в стойку на выбор. NL Вы кладёте champ:Финишер из стопки добора в руку. NL Сжигается.",
    "UPGRADE_DESCRIPTION": "Перейти в стойку на выбор. NL Вы кладёте champ:Финишер из стопки добора в руку.",
    "EXTENDED_DESCRIPTION": [
      "Перейти в Стойку champ:Берсерка.",
      "Перейти в champ:Оборонительную Стойку."
    ]
  }
}