[
  {
    "PROPER_NAME": "Техника", //technique
    "NAMES": [
      "техника",
      "техники",
      "champ:[crown_icon]",
      "[crown_icon]"
    ],
    "DESCRIPTION": "Активирует эффект стойки в которой вы находитесь."
  },
  {
    "PROPER_NAME": "Комбо", //combo
    "NAMES": [
      "комбо"
    ],
    "DESCRIPTION": "Доп. эффект при разыгрывании в нужной #yСтойке или при переходе в #yСтойку."
  },
  {
    "PROPER_NAME": "Финишер", //finisher
    "NAMES": [
      "финишер",
      "финишеры",
      "[fist_icon]",
      "champ:[fist_icon]"
    ],
    "DESCRIPTION": "Требует чтобы вы были в #yСтойке. NL После раызрывания активирует эффект соответствующий #yСтойке."
  },
  {
    "PROPER_NAME": "Контратака", //counter
    "NAMES": [
      "контратака",
      "контратаки",
      "контратаке"
    ],
    "DESCRIPTION": "Возвращает урон от след. полученной атаки."
  },
  {
    "PROPER_NAME": "Стойка обороны",//defensive
    "NAMES": [
      "обороны",
      "обороны.",
      "обороня"
    ],
    "DESCRIPTION": "#yСтойка. NL Бонус #yТехники - Даёт #b4 #yКонтратаки. NL Бонус #yФинишера - Даёт #b12 #yЗащиты."
  },
  {
    "PROPER_NAME": "Стойка берсерка", //Berserker
    "NAMES": [
      "берсерка",
      "берсерка."
    ],
    "DESCRIPTION": "#yСтойка. NL Бонус #yТехники - Даёт #b4 #yБодрости. NL Бонус #yФинишера - Даёт #b1 #yСилы."
  },
  {
    "PROPER_NAME": "Стойка гладиатора", //Gladiator
    "NAMES": [
      "гладиатора",
      "гладиатора."
    ],
    "DESCRIPTION": "#yСтойка. NL Бонус #yТехники - Вы берёте карту. NL Бонус #yФинишера - Вы берёте #b1 карту и получаете [E] на следующий ход. Завершает ваш ход."
  },
  {
    "PROPER_NAME": "Ультимативная стойка", //Ultimate
    "NAMES": [
      "ультимативная",
      "ультимативная.",
      "ультимативную",
      "ультимативную."
    ],
    "DESCRIPTION": "#yСтойка. Считается за #yОборонительную стойку и стойку #yБерсерка. NL Нельзя выйти из стойки. NL Нельзя сменить на другую #yСтойку."
  },
  {
    "PROPER_NAME": "Изнурение", //Fatigue
    "NAMES": [
      "изнурение",
      "изнуряет"
    ],
    "DESCRIPTION": "Отнимает ОЗ. Вополняет #yИзнурённые ОЗ в конце боя."
  },
  {
    "PROPER_NAME": "Бодрость",
    "NAMES": [
      "бодрость",
      "бодрости",
      "бодростью"
    ],
    "DESCRIPTION": "Ваша след. #yАтака наносит доп. урон."
  }
]