{
  "champ:OpenerPotion": {
    "NAME": "Зелье стратега",
    "DESCRIPTIONS": [
      "Choose #b1 of #b2 cards which Enter a #yStance to add to your hand (one for each #yStance). Она стоит #b0 в этом ходу.",
      " Add #b",
      " copy of it to your hand.",
      " copies of it to your hand."
    ]
  },
  "champ:TechniquePotion": {
    "NAME": "Bottled Technique",
    "DESCRIPTIONS": [
      "#yTechnique #b",
      " times."
    ]
  },
  "champ:UltimateStancePotion": {
    "NAME": "Substance Of Questionable Legality",
    "DESCRIPTIONS": [
      "Enter #yUltimate #yStance for #b",
      " turns."
    ]
  },
  "champ:CounterPotion": {
    "NAME": "Brew of Sharpness",
    "DESCRIPTIONS": [
      "Gain #b",
      " #yCounter."
    ]
  }
}
