{
  "champ:CounterPower": {
    "NAME": "Counter",
    "DESCRIPTIONS": [
      "The next time you receive #yAttack damage, deal #b",
      " damage back."
    ]
  },
  "champ:FocusedDefPower": {
    "NAME": "Focused: Defensive",
    "DESCRIPTIONS": [
      "The next time you use a #yFinisher this turn, gain #b",
      " #yBlock."
    ]
  },
  "champ:FocusedBerPower": {
    "NAME": "Focused: Berserker",
    "DESCRIPTIONS": [
      "The next time you use a #yFinisher this turn, deal #b",
      " damage to ALL enemies."
    ]
  },
  "champ:ShieldWallPower": {
    "NAME": "Shield Wall",
    "DESCRIPTIONS": [
      "At the end of your turn, gain #b",
      " #yCounter."
    ]
  },
  "champ:EntangleNextTurnPower": {
    "NAME": "Sword Thrown",
    "DESCRIPTIONS": [
      "You can't play #yAttacks next turn.",
      "You can't play #yAttacks for the next #b",
      " turns."
    ]
  },
  "champ:DrawLessNextTurnPower": {
    "NAME": "Crown Thrown",
    "DESCRIPTIONS": [
      "Draw #b",
      " less card next turn.",
      " less cards next turn."
    ]
  },
  "champ:PushThroughPower": {
    "NAME": "Ignoring Pain",
    "DESCRIPTIONS": [
      "You cannot lose HP this turn.",
      "You cannot lose HP this and the next #b",
      " turns."
    ]
  },
  "champ:WorseRupturePower": {
    "NAME": "Endless Rage",
    "DESCRIPTIONS": [
      "Whenever you lose HP on your turn, gain #b",
      " temporary #yStrength."
    ]
  },
  "champ:ImprovisingPower": {
    "NAME": "Improvising",
    "DESCRIPTIONS": [
      "The first time each turn you use a #yCombo, return it to your hand and it costs #b0 until played. #b",
      " uses left.",
      "The first #b",
      " times each turn you use a #yCombo, return it to your hand and it costs #b0 until played. #b"
    ]
  },
  "champ:CalledShotPower": {
    "NAME": "Called Shot",
    "DESCRIPTIONS": [
      "The next time you play a #yFinisher, do not leave your #yStance.",
      "The next #b",
      " times you play a #yFinisher, do not leave your #yStance."
    ]
  },
  "champ:DancingMasterPower": {
    "NAME": "Dancing Master",
    "DESCRIPTIONS": [
      "The third time you enter a #yStance each turn, gain #b",
      " [E] and draw #b",
      " cards. ",
      " remaining.",
      "Used this turn.",
	  ""
    ]
  },
  "champ:StrikeOfGeniusPower": {
    "NAME": "Strike of Genius",
    "DESCRIPTIONS": [
      "At the start of your turn, add a random card containing \"Strike\" to your hand. It costs #b0 until played and Exhausts.",
      "At the start of your turn, add #b",
      " random cards containing \"Strike\" to your hand. They cost #b0 until played and Exhaust."
    ]
  },
  "champ:StrikeOfGeniusUpgradedPower": {
    "NAME": "Strike of Genius+",
    "DESCRIPTIONS": [
      "At the start of your turn, add a random #yupgraded card containing \"Strike\" to your hand. It costs #b0 until played and Exhausts.",
      "At the start of your turn, add #b",
      " random #yupgraded cards containing \"Strike\" to your hand. They cost #b0 until played and Exhaust."
    ]
  },
  "champ:DefensiveStylePower": {
    "NAME": "Defensive Style",
    "DESCRIPTIONS": [
      "#yDefensive #yTechniques grant #b",
      " additional #yCounter."
    ]
  },
  "champ:GladiatorStylePower": {
    "NAME": "Good Clean Fight",
    "DESCRIPTIONS": [
      "If you start your turn in no #yStance, gain #b",
      " temporary #yStrength and #yDexterity."
    ]
  },
  "champ:BerserkerStylePower": {
    "NAME": "Berserker Style",
    "DESCRIPTIONS": [
      "#yBerserker #yTechniques grant #b",
      " more #yVigor."
    ]
  },
  "champ:FalseCounterPower": {
    "NAME": "False Counter",
    "DESCRIPTIONS": [
      "Next time #yCounter activates, only lose half your #yCounter.",
      "The next #b",
      " times #yCounter activates, only lose half your #yCounter."
    ]
  },
  "champ:EnergizedDurationPower": {
    "NAME": "Enchanted Crown",
    "DESCRIPTIONS": [
      "Gain [E] at the start of your next turn.",
      "Gain [E] at the start of your next #b",
      " turns."
    ]
  },
  "champ:IronFortressPower": {
    "NAME": "Technical Jig: Defensive",
    "DESCRIPTIONS": [
      "Whenever you enter a Stance, trigger Defensive Stance's technique",
      " #b",
      " times."
    ]
  },
  "champ:IronFortressVigorPower": {
    "NAME": "Technical Jig: Berserker",
    "DESCRIPTIONS": [
      "Whenever you enter a Stance, trigger Berserker Stance's technique",
      " #b",
      " times."
    ]
  },
  "champ:LastStandMod": {
    "NAME": "Last Stand",
    "DESCRIPTIONS": [
      "At the start of turn, if HP is at or below 50%, cleanse all debuffs and gain ",
      " Strength."
    ]
  },
  "champ:GladiatorFormPower": {
    "NAME": "Gladiator Form",
    "DESCRIPTIONS": [
      "Whenever you use a #yTechnique #yBonus, draw #b",
      " card. Whenever you use a #yFinisher #yBonus, gain [E] next turn.",
      " cards. Whenever you use a #yFinisher #yBonus, gain #b",
      " [E] next turn."
    ]
  },
  "champ:NoBlockNextTurnPower": {
    "NAME": "Shield Thrown",
    "DESCRIPTIONS": [
      "You can't gain Block next turn.",
      "You can't gain Block for the next #b",
      " turns."
    ]
  },
  "champ:UltimateStancePower": {
    "NAME": "Ultimate Drain",
    "DESCRIPTIONS": [
      "Ultimate Stance will expire this turn.",
      "Ultimate Stance will last #b",
      " more turns."
    ]
  },
  "champ:EnGardePower": {
    "NAME": "En Garde",
    "DESCRIPTIONS": [
      "If your Block is broken this turn, gain #b",
      " Block next turn."
    ]
  },
  "champ:ParryPower": {
    "NAME": "Parrying",
    "DESCRIPTIONS": [
      "If your Counter is used this turn, add Riposte to your hand."
    ]
  },
  "champ:BoomerangPower": {
    "NAME": "Boomerang",
    "DESCRIPTIONS": [
      "At the start of your next turn, return ",
      " to your hand. It costs #b0 until played."
    ]
  },
  "champ:ResolvePower": {
    "NAME": "Fatigue",
    "DESCRIPTIONS": [
      "At the end of combat, restore your Fatigued HP."
    ]
  },
  "champ:DualPlaySrikePower": {
    "NAME": "Flurry of Strikes",
    "DESCRIPTIONS": [
      "Your next #yStrike is played twice this turn.",
      "Your next ",
      " #yStrikes are played twice this turn."
    ]
  }
}