{
  "champ:ChampionCrown": {
    "NAME": "Корона чемпиона",
    "FLAVOR": "ТЫ ПОБЕДИТЕЛЬ!",
    "DESCRIPTIONS": [
      "Вы начинаете каждый бой в случайной #yСтойке."
    ]
  },
  "champ:BlackKnightHelmet": {
    "NAME": "Шлем чёрного рыцаря",
    "FLAVOR": "Only a flesh wound.",
    "DESCRIPTIONS": [
      "При первом переходе в #yСтойку: NL #bОборонительную даёт 2 #yЛовкости и отнимает 1 #yСилы. NL #rБерсерка, даёт 2 #yСилы и отнимает 1 #yЛовкости."
    ]//опять неподсвечено Т_Т
  },
  "champ:Barbells": {
    "NAME": "Barbell",
    "FLAVOR": "1000 reps? Psh. I can do 1001.",
    "DESCRIPTIONS": [
      "Whenever you enter a Rest Site, if you have at least #b10 non-Upgraded cards in your deck, #yUpgrade one at random."
    ]
  },
  "champ:BerserkersGuideToSlaughter": {
    "NAME": "Berserker's Guide",
    "FLAVOR": "The text is illegible.",
    "DESCRIPTIONS": [
      "Даёт #b3 #ychamp:Бодрости в начале вашего хода."
    ]
  },
  "champ:ChampionCrownUpgraded": {
    "NAME": "Победоносная корона",
    "FLAVOR": "Поздравляю!! Вы величайший победитель.",
    "DESCRIPTIONS": [
      "Заменяет #r«Корону #rчемпиона». NL Start each combat in #yUltimate #yStance, which lasts for #b2 turns."
    ]
  },
  "champ:DefensiveTrainingManual": {
    "NAME": "Defensive Thesis",
    "FLAVOR": "Подсказка от про: \"Не получай удары\".",
    "DESCRIPTIONS": [
      "Defensive Stance's #yFinisher #yBonus grants #b8 more #yBlock."
    ]
  },
  "champ:DeflectingBracers": {
    "NAME": "Deflecting Bracers",
    "FLAVOR": "If you thought blocking was good then...",
    "DESCRIPTIONS": [
      "At the start of your turn, gain #yCounter equal to the amount of Block lost."
    ]
  },
  "champ:DuelingGlove": {
    "NAME": "Дуэльная перчатка",
    "FLAVOR": "Count from ten...",
    "DESCRIPTIONS": [
      "After using a single-target Attack, if the target has no #yVulnerable, apply #b1 #yVulnerable."
    ]
  },
  "champ:FightingForDummies": {
    "NAME": "Сражение для чайников",
    "FLAVOR": "Шаг 1. Победите врага",
    "DESCRIPTIONS": [
      "If you end your turn while in no #yStance, gain #b6 #yBlock."
    ]
  },
  "champ:GladiatorsBookOfMartialProwess": {
    "NAME": "Gladiators Manual",
    "FLAVOR": "Try everything - something will stick.",
    "DESCRIPTIONS": [
      "Whenever you play a #yTechnique, a #yCombo, a #yFinisher, and enter a #yStance in the same turn, gain #b1 #yStrength and #yDexterity."
    ]
  },
  "champ:PowerArmor": {
    "NAME": "Power Armor",
    "FLAVOR": "Bought used.",
    "DESCRIPTIONS": [
      "Даёт [E] в начале вашего хода. NL Your maximum #yVigor and #yCounter is #b30."
    ]
  },
  "champ:SignatureFinisher": {
    "NAME": "Signature Finisher",
    "FLAVOR": "And now, it's time for my ULTIMATE MOVE!",
    "DESCRIPTIONS": [
      "Upon pickup, choose a #yFinisher. This #yFinisher costs 0, can be used without a #yStance, and never causes your #yStance to be exited.",
      "Choose a card for ",
      " costs 0, can be used without a #yStance, and never causes your #yStance to be exited."
    ]
  },
  "champ:SpectersHand": {
    "NAME": "Spectre's Hand",
    "FLAVOR": "Some victories stay with you.",
    "DESCRIPTIONS": [
      "Whenever you Enter a Stance, add a #yStrike or #yDefend to your hand. It costs #b0 and has #yExhaust."
    ]
  },
  "champ:LiftRelic": {
    "NAME": "Inner Strength",
    "FLAVOR": "It's about the gigantic sword in your heart.",
    "DESCRIPTIONS": [
      "Даёт #b",
      " #yСилы в начале каждого боя."
    ]
  },
  "champ:ChampStancesModRelic": {
    "NAME": "New Challenger",
    "FLAVOR": "Can you take the crown?",
    "DESCRIPTIONS": [
      "Start each combat in a random Champ #yStance."
    ]
  }
}