{
  "champ:SealCommonReward": {
    "TEXT": [
      "Add a Common card to your deck"
    ]
  },
  "champ:SealSealReward": {
    "TEXT": [
      "Add a Seal to your deck"
    ]
  },
  "champ:TechniqueMod": {
    "TEXT": [
      "champ:Technique. NL "
    ]
  },
  "champ:OpenerMod": {
    "TEXT": [
      " NL Enter champ:Berserker.",
      " NL Enter champ:Defensive.",
      "Enter champ:Gladiator NL "
    ]
  },
  "champ:RetainCardMod": {
    "TEXT": [
      "Оставляется. NL "
    ]
  },
  "champ:EnchantUI": {
    "TEXT": [
      "cost 0.",
      "increase damage.",
      "increase Block."
    ]
  }
}